Date,NIFTY 50,NIFTY AUTO,NIFTY BANK,NIFTY CONSUMPTION,NIFTY CPSE,NIFTY ENERGY,NIFTY FINANCIAL SERVICES,NIFTY FMCG,NIFTY INDIA DEFENCE,NIFTY INFRASTRUCTURE,NIFTY IT,NIFTY LARGEMIDCAP 250,NIFTY METAL,NIFTY MIDCAP 150,NIFTY NEXT 50,NIFTY PHARMA,NIFTY PRIVATE BANK,NIFTY PSU BANK,NIFTY REALTY,NIFTY SMALLCAP 250
2025-05-21,37010.35,31125.83,76324.34,14438.67,10959.85,61993.46,33160.43,91729.98,9116.55,11715.59,52577.12,20496.44,13833.86,26376.08,95592.37,26933.86,32045.06,9138.16,1038.29,20804.76
2025-05-22,36706.44,30827.27,76138.93,14311.3,10830.43,61489.06,33017.26,90407.76,9304.86,11637.28,51890.9,20386.1,13791.0,26284.73,95275.0,26683.58,31974.52,9084.83,1033.56,20803.94
2025-05-23,37069.55,30900.0,76772.19,14470.28,10926.99,61977.39,33343.91,91877.73,9306.17,11735.27,52408.36,20539.09,13896.09,26438.87,95839.4,26575.07,32320.74,9132.19,1036.25,20926.24
2025-05-26,37290.3,31225.75,77012.97,14541.22,10938.6,62402.95,33477.97,92768.25,9415.46,11784.65,52944.07,20654.38,14026.83,26586.67,96234.24,26658.83,32365.48,9148.01,1044.17,21035.24
2025-05-27,37029.33,31007.3,76709.19,14446.42,10892.22,62399.99,33262.54,91951.75,9515.65,11710.56,52545.52,20613.23,13964.52,26643.36,95974.86,26687.51,32217.12,9171.4,1046.73,21059.67
2025-05-28,36943.42,30797.25,76798.18,14345.2,10890.96,62413.31,33301.63,91153.78,9602.46,11683.08,52495.47,20594.85,13881.19,26658.68,95696.99,26524.33,32181.76,9260.76,1045.17,21146.36
2025-05-29,37066.34,30953.17,76977.02,14387.36,10900.12,62587.46,33335.16,91076.81,9672.18,11724.84,52899.6,20684.5,14049.67,26809.12,95836.39,26767.4,32329.92,9238.42,1057.11,21239.0
2025-05-30,36972.5,30650.8,77259.24,14316.85,10792.93,62396.82,33369.84,90508.01,9560.05,11687.29,52494.23,20636.51,13811.68,26763.04,95361.44,26584.74,32268.47,9504.54,1050.09,21308.95
2025-06-02,36921.62,30652.69,77472.23,14395.22,10824.04,62492.02,33305.8,91243.95,9571.65,11701.36,52128.68,20689.96,13714.54,26909.02,95759.3,26525.31,32377.82,9708.86,1074.33,21461.78
2025-06-03,36674.69,30576.0,77051.7,14313.72,10717.12,61823.88,33062.18,90799.05,9678.39,11622.43,51781.34,20586.72,13705.12,26812.68,95233.59,26475.84,31998.95,9651.72,1087.22,21485.06
2025-06-04,36805.09,30694.74,77158.31,14369.67,10794.76,62144.87,33074.26,90913.31,9761.41,11698.05,52055.62,20706.15,13787.87,27027.85,95511.85,26497.51,32025.43,9674.63,1079.54,21598.48
2025-06-05,37000.49,30660.01,77274.67,14446.38,10893.26,62302.53,33228.63,91080.07,9987.42,11767.0,52295.01,20828.46,13869.16,27207.58,95912.54,26835.37,31994.33,9618.48,1098.49,21741.65
2025-06-06,37377.42,31127.18,78407.69,14610.34,10959.26,62480.06,33811.36,91358.82,9817.18,11845.36,52558.39,21042.53,14132.02,27478.33,97131.79,26885.2,32567.85,9673.88,1149.94,21884.14
2025-06-09,37527.12,31279.55,78769.66,14662.87,11061.14,63225.68,33992.62,91724.56,9796.71,11934.06,53085.96,21208.4,14237.98,27756.74,98346.97,27061.77,32904.73,9821.25,1148.31,22174.62
2025-06-10,37531.76,31255.72,78477.91,14638.59,11096.93,63508.22,33834.22,92007.3,9901.53,11922.2,53974.89,21215.37,14287.17,27766.54,98459.95,27212.04,32850.04,9769.98,1135.21,22211.51
2025-06-11,37587.31,31316.47,78243.27,14612.62,11068.37,63698.6,33737.14,91388.1,9699.04,11952.4,54657.42,21189.77,14266.28,27680.02,98244.67,27347.38,32764.57,9684.04,1136.23,22192.04
2025-06-12,37209.11,30798.94,77720.54,14406.88,10900.89,62470.09,33472.84,90215.12,9532.56,11786.26,54200.81,20904.07,14044.92,27253.84,96481.21,27321.33,32505.84,9561.1,1113.25,21874.89
2025-06-13,36957.38,30687.93,76951.13,14309.82,10924.93,62161.33,33167.4,89270.52,9676.7,11705.1,54213.45,20795.02,13910.93,27157.18,95702.45,27258.11,32211.37,9448.44,1113.9,21792.49
2025-06-16,37298.12,30741.68,77529.74,14449.06,11071.48,62630.73,33443.43,89837.24,9757.02,11831.63,55064.35,20966.0,14060.35,27363.28,96407.06,27325.43,32489.55,9473.04,1128.58,21901.28
2025-06-17,37158.95,30556.25,77209.98,14371.17,11010.64,62327.31,33313.54,89567.88,9794.45,11775.55,55463.24,20856.56,13866.9,27196.94,95727.34,26808.85,32374.62,9405.24,1121.27,21750.61
2025-06-18,37097.13,30668.09,77368.76,14394.37,10929.98,62034.3,33248.47,89148.19,9749.61,11734.65,55004.95,20785.93,13767.46,27067.09,95430.53,26766.23,32502.42,9366.42,1115.95,21707.92
2025-06-19,37069.02,30829.03,77020.52,14406.36,10853.84,61349.61,33122.13,88871.6,9602.1,11709.22,54489.26,20587.97,13590.4,26644.08,94086.6,26584.48,32406.44,9175.21,1098.07,21289.6
2025-06-20,37546.89,31150.94,77956.52,14622.4,11032.76,61926.49,33563.36,89440.44,9783.32,11913.3,54949.38,20851.34,13737.95,26979.21,95368.95,26798.88,32739.14,9325.73,1121.23,21421.19
2025-06-23,37343.91,30866.73,77688.35,14581.36,11120.32,61941.66,33447.26,88950.17,9992.31,11852.64,54135.74,20850.24,13828.03,27088.78,95441.0,26815.28,32683.28,9318.61,1120.12,21589.11
2025-06-24,37452.24,31047.13,78246.23,14627.03,10984.28,62147.11,33691.45,89146.07,9750.4,11900.77,54141.14,20966.86,13992.09,27282.47,96302.53,26872.17,32921.87,9454.29,1121.89,21756.79
2025-06-25,37751.94,31349.11,78466.92,14805.64,10929.63,62311.32,33818.42,89803.8,9555.16,12011.49,55026.64,21101.59,14049.47,27431.59,96760.13,27036.74,32911.77,9473.1,1127.9,22105.71
2025-06-26,38206.88,31525.29,79278.36,14927.4,11032.61,62934.96,34318.68,90413.23,9590.6,12207.57,54956.13,21276.66,14373.77,27574.15,97654.9,27040.94,33251.79,9513.61,1116.66,22162.56
2025-06-27,38398.23,31586.17,79850.9,14946.57,11077.96,63567.3,34563.12,90397.19,9673.13,12315.76,54711.92,21374.37,14424.47,27684.69,98256.56,27221.61,33433.57,9558.33,1099.41,22342.93
2025-06-30,38217.32,31408.03,79668.65,14912.42,11104.79,63612.62,34348.78,90027.97,9763.47,12278.15,54890.91,21412.54,14359.05,27872.86,98673.36,27358.28,33138.58,9813.02,1091.25,22539.86
2025-07-01,38254.39,31344.15,79872.57,14897.48,11112.07,63458.56,34285.24,89403.08,9807.3,12332.8,54726.27,21401.08,14403.9,27825.39,98576.15,27361.5,33178.88,9882.73,1088.61,22494.94
2025-07-02,38121.99,31443.94,79232.76,14916.38,11035.83,63199.67,33953.44,89299.26,9755.97,12303.83,54790.99,21359.76,14606.69,27811.58,98289.53,27447.78,32964.7,9801.08,1073.01,22407.63
2025-07-03,38049.97,31582.18,78944.66,14902.8,11054.9,63254.59,33793.19,89424.04,9748.25,12265.52,54756.07,21351.25,14492.56,27858.57,97754.78,27563.84,32813.53,9714.19,1065.37,22489.9
2025-07-04,38142.94,31616.75,79286.67,14841.57,11077.12,63526.95,33961.35,89813.69,9840.56,12311.18,55196.09,21380.25,14427.74,27860.59,98115.09,27788.71,32922.49,9746.2,1075.11,22497.36
2025-07-07,38145.33,31568.58,79171.73,14905.96,11004.87,63566.62,33919.82,91318.81,9735.07,12338.7,54773.87,21356.19,14340.03,27788.52,98283.87,27785.0,32910.59,9730.26,1075.95,22451.92
2025-07-08,38239.39,31448.62,79598.67,14858.25,11104.61,63694.41,34151.66,91074.51,9734.62,12372.93,54937.8,21363.36,14338.49,27750.96,98274.16,27537.56,33128.45,9705.69,1086.6,22399.3
2025-07-09,38169.85,31569.23,79539.21,14879.31,11120.59,63540.7,34204.27,91800.14,9753.15,12292.58,54511.65,21342.9,14138.27,27742.5,98215.71,27590.48,33122.12,9663.6,1070.46,22523.01
2025-07-10,37990.41,31532.93,79181.19,14780.23,11048.76,63419.21,34110.58,91278.29,9555.58,12214.99,54082.91,21267.78,14197.04,27666.04,97994.45,27443.76,32962.33,9586.28,1078.11,22508.01
2025-07-11,37684.07,30976.08,78909.83,14647.72,11003.37,62810.55,33947.81,91741.15,9370.14,12079.92,53119.84,21095.17,14135.78,27440.39,97196.59,27629.09,32938.06,9572.91,1065.15,22352.01
2025-07-14,37582.84,31052.83,78924.65,14703.53,11021.05,62990.11,33883.55,91930.41,9290.41,12072.82,52536.69,21147.76,14173.57,27616.04,97654.41,27858.42,32921.04,9642.31,1079.91,22558.94
2025-07-15,37752.92,31518.53,79260.18,14809.9,11035.09,63177.03,34043.72,92592.38,9331.47,12120.19,52749.38,21296.97,14179.58,27870.97,98286.34,28175.85,32965.38,9726.28,1088.44,22741.86
2025-07-16,37780.94,31658.16,79485.79,14866.42,11020.28,63250.83,34027.85,93013.33,9287.14,12135.59,53120.53,21317.7,14102.4,27898.1,98490.81,28086.55,32976.02,9901.89,1093.89,22781.78
2025-07-17,37630.21,31646.76,79012.87,14837.87,11004.52,63402.78,33892.62,93271.7,9199.41,12091.9,52384.0,21283.7,14196.78,27911.53,98263.29,28194.04,32783.38,9823.83,1107.45,22843.59
2025-07-18,37435.72,31508.05,78261.73,14757.87,10942.48,63048.11,33575.16,92745.2,8986.1,12044.52,52432.12,21156.24,14250.62,27730.28,97580.68,28085.14,32310.98,9759.23,1106.12,22692.65
2025-07-21,37619.09,31719.85,79192.97,14818.37,10983.96,63077.5,34119.81,92278.72,9056.3,12019.19,52276.68,21273.62,14397.26,27905.57,97981.59,28009.42,32717.58,9698.69,1113.16,22668.52
2025-07-22,37574.38,31483.62,78919.42,14886.97,11010.75,62990.4,34124.23,91919.69,9073.89,11946.29,52032.67,21201.51,14363.82,27762.27,97625.14,27730.16,32675.85,9546.47,1101.85,22591.28
2025-07-23,37812.76,31752.01,79551.32,14934.43,11028.66,63172.16,34409.23,91437.82,9026.64,12035.48,52163.38,21291.79,14432.72,27845.15,97793.92,27867.23,32900.58,9588.88,1073.23,22622.28
2025-07-24,37578.97,31786.06,79350.53,14865.7,10956.35,62729.12,34195.07,90415.4,8986.62,11970.83,51011.88,21188.06,14437.6,27727.09,97572.44,28020.9,32709.99,9707.86,1062.08,22474.98
2025-07-25,37257.14,31383.02,78659.7,14747.99,10761.31,61340.73,33921.69,89585.01,8802.33,11851.4,50289.04,20915.6,14200.76,27283.81,96099.08,28213.51,32410.46,9543.36,1051.67,22028.83
2025-07-28,37027.65,31266.16,78041.88,14654.31,10697.63,60942.36,33677.74,89836.13,8626.54,11760.13,50002.75,20761.84,14037.04,27047.77,95574.43,28336.06,31875.17,9428.69,1010.62,21754.29
2025-07-29,37238.03,31536.41,78232.67,14735.68,10761.78,61619.5,33785.93,90095.78,8595.82,11903.69,50007.25,20918.45,14177.56,27285.08,96466.42,28723.58,31881.24,9475.14,1026.79,21952.49
2025-07-30,37288.94,31348.21,78133.42,14765.28,10749.11,61639.25,33789.46,90307.94,8617.94,11963.22,50160.59,20950.92,14162.57,27334.9,96546.53,28727.34,31841.33,9412.75,1017.01,21930.88
2025-07-31,37158.88,31230.37,77870.81,14814.54,10679.81,61124.06,33721.75,91613.3,8560.32,11855.71,49912.72,20825.82,13990.38,27109.61,96101.33,28351.08,31801.45,9335.38,1011.11,21734.93
2025-08-01,36863.4,30983.6,77391.66,14775.48,10568.18,60732.0,33526.77,92299.64,8383.94,11729.44,48990.85,20602.26,13714.46,26767.16,94843.86,27405.63,31607.61,9229.65,993.17,21383.66
2025-08-04,37099.55,31481.93,77394.08,14887.13,10625.73,60809.02,33506.7,92277.07,8595.93,11846.59,49773.79,20794.89,14054.23,27073.18,95930.12,27582.54,31648.78,9346.22,1010.78,21594.29
2025-08-05,36989.75,31599.44,77033.53,14896.8,10630.52,60793.26,33376.23,91609.82,8669.25,11826.15,49535.0,20746.11,14066.63,27022.72,95719.72,27354.86,31552.86,9332.28,1006.12,21526.53
2025-08-06,36880.81,31430.8,77104.39,14843.4,10618.66,60469.77,33373.24,90783.17,8626.76,11794.66,48675.05,20611.58,14010.42,26778.79,94887.13,26799.05,31525.78,9387.29,990.94,21268.92
2025-08-07,36913.76,31509.19,77257.41,14875.23,10604.3,60348.57,33414.66,90894.45,8587.0,11764.81,49100.0,20650.76,14028.35,26849.93,95111.86,26999.61,31584.97,9414.9,989.67,21254.06
2025-08-08,36566.63,31067.91,76539.1,14716.24,10589.6,59964.37,33115.3,90240.99,8375.52,11611.92,48635.81,20400.55,13797.11,26465.55,93933.48,26653.41,31190.01,9376.67,968.76,20989.35
2025-08-11,36900.03,31397.6,77242.94,14854.63,10617.32,60348.19,33418.29,90913.17,8477.72,11740.36,48842.43,20564.46,13869.07,26637.61,95036.38,26905.6,31441.64,9583.04,986.78,21086.56
2025-08-12,36780.73,31573.39,76746.15,14842.64,10654.49,60576.74,33133.49,90460.43,8395.71,11735.13,49025.76,20511.46,13921.68,26575.9,94950.31,27091.01,31239.79,9575.13,979.56,21092.11
2025-08-13,36978.89,31925.48,76938.2,14967.87,10734.19,60573.55,33264.17,90436.77,8616.49,11805.94,49052.11,20633.53,14097.04,26745.15,95544.38,27560.25,31337.04,9561.86,982.11,21228.36
2025-08-14,37010.27,31920.38,77161.83,14961.66,10676.85,60136.25,33387.1,89855.04,8596.85,11769.91,49250.38,20616.11,13908.69,26687.97,95399.14,27592.03,31353.94,9572.89,974.72,21142.3
2025-08-18,37379.38,33255.02,77709.85,15277.64,10684.48,60160.97,33740.63,90920.32,8608.63,11848.17,48970.12,20847.84,14167.1,27005.46,96695.21,27578.73,31670.62,9611.79,995.89,21424.25
2025-08-19,37537.42,33691.1,77891.44,15404.15,10651.58,60672.79,33719.33,91877.73,8520.24,11957.49,49142.22,20995.59,14272.81,27259.12,97423.82,27486.66,31803.65,9705.92,1002.33,21586.78
2025-08-20,37642.41,33707.71,77659.07,15537.45,10658.6,60811.93,33586.82,93155.78,8459.03,11992.52,50461.88,21075.27,14333.53,27385.16,97792.27,27365.52,31689.31,9679.58,1012.96,21660.44
2025-08-21,37696.23,33586.25,77738.49,15491.62,10610.39,60595.89,33695.27,92562.35,8482.51,12010.47,50509.75,21039.22,14327.36,27271.76,97529.16,27624.85,31732.63,9643.74,1016.8,21677.19
2025-08-22,37375.09,33522.66,76908.73,15412.48,10564.3,60295.09,33372.58,91632.47,8507.1,11922.46,50109.58,20937.4,14154.08,27230.05,96916.54,27733.61,31405.44,9535.89,1008.82,21644.61
2025-08-25,37521.9,33673.35,76894.67,15437.49,10574.63,60271.95,33359.71,91540.78,8482.09,11927.94,51296.14,20973.84,14246.58,27222.61,97201.35,27855.42,31410.94,9511.74,1016.37,21657.97
2025-08-26,37137.57,33536.81,75934.01,15378.92,10418.62,59331.22,32910.43,92371.56,8287.73,11743.4,50989.5,20707.53,14010.06,26825.05,95893.58,27391.1,30992.02,9333.4,993.62,21256.13
2025-08-28,36820.25,33355.6,75055.28,15249.39,10322.85,58854.02,32514.38,91427.84,8152.39,11658.57,50177.33,20486.69,13905.06,26501.73,94658.97,27164.78,30678.59,9237.24,978.74,21023.49
2025-08-29,36709.0,33060.73,74825.59,15243.69,10330.58,58776.77,32422.32,92297.28,8168.02,11617.22,49742.53,20399.82,13820.97,26356.47,94379.65,27159.48,30659.91,9206.1,965.68,20956.89
2025-09-01,37006.87,33986.72,75309.27,15432.26,10482.77,59680.75,32645.25,92352.14,8352.13,11713.96,50533.48,20670.18,14048.15,26815.68,95706.69,27128.04,30912.02,9308.14,975.7,21252.36
2025-09-02,36938.57,33887.37,74833.1,15437.91,10615.98,60266.42,32428.99,93390.15,8433.26,11735.51,50529.53,20682.07,14167.48,26863.75,96205.62,27054.7,30696.98,9334.25,982.79,21379.44
2025-09-03,37142.11,34139.63,75400.0,15543.96,10643.86,60504.25,32631.36,93659.32,8462.71,11764.35,50157.76,20810.92,14608.41,27045.22,96844.88,27353.23,30923.47,9430.54,986.81,21559.37
2025-09-04,37177.94,34430.24,75411.04,15622.06,10539.77,59990.73,32784.6,93880.95,8316.81,11708.78,49688.55,20746.31,14517.77,26877.3,96397.75,27298.15,30928.12,9326.3,979.11,21416.04
2025-09-05,37188.02,34861.68,75465.58,15637.02,10539.67,60013.83,32830.14,92546.11,8287.49,11732.12,48971.36,20754.2,14616.31,26895.97,96309.05,27309.87,30988.62,9341.88,967.75,21466.31
2025-09-08,37236.28,36012.19,75566.44,15714.11,10487.99,60001.16,32897.83,92347.54,8309.41,11753.01,48511.31,20813.39,14675.89,27001.61,96705.62,27235.65,30987.03,9387.51,972.26,21506.53
2025-09-09,37379.78,36003.27,75607.17,15729.72,10472.98,59929.45,32922.26,92883.38,8296.18,11745.06,49848.11,20869.6,14700.54,27054.71,96841.56,27469.11,31026.69,9374.87,969.4,21563.16
2025-09-10,37536.88,35541.67,76053.31,15682.64,10597.11,60416.73,33127.47,93474.58,8509.1,11781.34,51160.0,21012.82,14738.65,27311.91,97262.26,27555.56,31218.51,9570.99,980.28,21707.88
2025-09-11,37585.52,35423.13,76239.59,15688.71,10689.79,60949.81,33197.11,93645.18,8495.66,11846.55,50905.06,21034.54,14789.26,27323.85,97579.36,27682.56,31310.59,9642.26,980.28,21706.21
2025-09-12,37748.61,35584.95,76434.47,15643.29,10800.79,61148.59,33431.15,92981.89,8869.27,11887.54,51056.71,21107.29,14926.21,27399.52,97894.17,27828.52,31437.68,9616.23,980.89,21777.45
2025-09-15,37681.33,35444.56,76543.98,15607.7,10801.03,61485.54,33468.95,92972.36,8930.46,11918.46,50761.83,21147.23,14937.37,27515.59,98481.53,27652.34,31438.71,9673.8,1004.73,21916.48
2025-09-16,37936.66,35955.47,76906.2,15699.95,10907.73,62031.8,33598.6,92721.3,8990.1,12040.36,51200.1,21282.48,15061.85,27685.76,99052.3,27734.37,31684.82,9715.19,1015.49,22079.03
2025-09-17,38073.65,36151.87,77388.34,15729.0,10988.91,62253.98,33685.17,92593.59,9168.97,12084.38,51532.38,21337.64,14985.9,27736.45,99262.4,27705.47,31802.88,9968.94,1019.68,22191.9
2025-09-18,38213.97,36197.79,77714.88,15781.83,10958.42,62034.15,33856.44,92924.68,9120.0,12091.89,51960.91,21408.32,15035.23,27822.67,99531.13,28120.31,31943.86,9952.76,1018.94,22206.38
2025-09-19,38068.84,36052.37,77340.27,15753.49,10967.32,62566.93,33639.56,92514.77,9172.41,12101.77,51717.71,21387.12,15092.5,27827.27,100108.61,28260.12,31737.24,10080.5,1024.56,22237.55
2025-09-22,37881.41,35965.97,77097.45,15792.01,10981.66,62999.05,33640.56,92076.95,9090.18,12064.34,50193.42,21289.67,15151.66,27670.9,100444.35,27860.42,31669.75,10044.01,1022.38,22034.45
2025-09-23,37832.09,36188.03,77411.26,15666.92,10989.74,62707.71,33680.0,90884.71,9015.86,12042.29,49838.43,21238.53,15302.67,27589.72,99986.47,27777.42,31837.26,10153.22,1013.28,21920.59
2025-09-24,37662.84,35771.63,76869.79,15570.96,11011.69,62148.48,33463.08,91044.89,8910.14,11985.35,49478.16,21084.08,15198.52,27347.98,98787.41,27629.92,31563.34,10127.13,988.05,21800.98
2025-09-25,37413.25,35441.74,76667.19,15476.22,10957.14,61708.9,33284.22,90599.44,8969.41,11893.5,48847.58,20943.19,15232.41,27167.76,98048.67,27377.05,31519.7,10074.52,971.74,21656.8
2025-09-26,37058.3,35078.83,75848.8,15269.98,10829.15,60964.03,32951.83,90171.22,8765.65,11842.88,47651.01,20628.06,14938.91,26642.03,96399.46,26790.95,31167.79,9894.78,962.01,21192.48
2025-09-29,37028.48,35015.3,75948.69,15305.63,10877.24,61382.64,32979.42,90332.76,8640.55,11858.54,47638.4,20665.01,14991.58,26708.44,97390.34,26751.22,31077.04,10070.99,970.46,21170.94
2025-09-30,36992.7,35155.42,76192.58,15248.58,10898.18,61260.96,32998.54,89946.25,8655.86,11800.06,47584.67,20666.09,15165.35,26732.2,97404.79,26725.0,31137.21,10256.27,962.54,21204.77
2025-10-01,37331.2,35455.17,77185.62,15335.23,10939.04,61577.26,33455.17,90595.02,8796.11,11820.82,47938.32,20840.24,15248.12,26963.11,97752.43,27072.86,31751.58,10218.77,973.12,21429.13
2025-10-03,37418.3,35434.54,77522.14,15350.65,11051.2,61919.52,33511.65,90702.31,8968.36,11886.02,48001.34,20955.65,15526.36,27191.96,98138.02,27102.61,31956.79,10333.34,971.98,21614.49
2025-10-06,37694.02,35572.42,78241.14,15434.51,11021.66,61908.25,33873.44,90516.6,8988.66,11942.34,49093.93,21099.77,15387.97,27383.49,98474.47,27131.89,32346.91,10376.74,978.61,21633.35
2025-10-07,37740.1,35673.55,78428.72,15454.22,11022.57,62084.21,33956.23,90033.58,8935.15,11986.45,49075.43,21154.17,15344.37,27491.32,98590.73,27250.82,32355.3,10333.92,989.26,21657.08
2025-10-08,37646.65,35129.01,78120.4,15401.07,10873.63,61411.68,33802.89,89582.8,8808.89,11910.51,49814.6,21041.36,15314.01,27290.48,97828.02,27041.55,32251.49,10251.76,971.19,21539.86
2025-10-09,37850.52,35214.57,78362.73,15456.19,10949.62,61688.93,33888.98,89940.92,8943.66,11990.42,50374.89,21185.84,15645.89,27516.68,98374.0,27326.63,32379.61,10314.27,978.4,21604.94
2025-10-10,38006.18,35392.28,78945.28,15529.11,11040.2,61951.13,34038.57,90366.68,8927.13,12030.09,50347.39,21269.77,15502.88,27629.15,98613.75,27678.01,32666.93,10486.63,994.75,21738.49
2025-10-13,37918.98,35361.78,78966.56,15503.44,10978.22,61765.65,34093.08,89556.84,8833.1,12019.23,49953.94,21247.81,15436.24,27632.73,98444.94,27661.62,32699.51,10511.34,994.92,21675.4
2025-10-14,37795.97,35285.46,78787.27,15457.41,10905.46,61380.08,34020.87,89129.26,8799.49,11966.79,49790.04,21135.99,15284.2,27441.08,97925.49,27455.03,32588.38,10351.31,985.55,21485.24
2025-10-15,38067.31,35375.67,79210.41,15610.15,11033.61,61824.55,34329.67,90008.74,8899.44,12088.13,50093.99,21320.65,15437.1,27695.9,99225.8,27477.51,32625.52,10523.82,1015.55,21661.3
2025-10-16,38460.73,35826.17,80078.73,15779.66,11082.67,62082.11,34721.98,91825.69,8937.83,12190.64,50276.89,21472.21,15541.68,27828.56,99713.4,27534.68,33106.73,10477.0,1034.86,21744.16
2025-10-17,38652.19,36064.37,80484.26,15953.35,11061.31,61954.16,34921.58,93079.25,8958.11,12234.15,49500.64,21456.51,15408.85,27678.5,99573.97,27722.27,33228.7,10408.88,1035.93,21692.76
2025-10-20,38855.68,36007.19,80930.33,15976.46,11091.41,62248.7,34879.66,93047.6,8979.01,12395.51,50032.82,21576.06,15397.6,27859.21,99709.35,27954.14,33449.75,10707.44,1040.94,21808.19
2025-10-21,38893.95,36066.01,80894.08,15969.91,11098.94,62389.08,34919.41,93067.32,8998.97,12400.81,50042.96,21609.86,15459.39,27919.15,99808.85,28048.54,33448.68,10701.28,1040.06,21959.74
2025-10-23,38928.23,36051.32,80992.86,15885.51,11147.41,62345.27,34945.62,93335.79,8999.72,12332.74,51147.16,21600.11,15473.07,27878.48,99693.12,28005.65,33613.63,10731.32,1042.09,21907.48
2025-10-24,38783.54,35905.52,80465.12,15826.28,11161.6,62358.89,34741.03,92638.21,9021.91,12310.66,51026.61,21540.73,15632.64,27816.41,99597.31,27851.31,33340.82,10652.33,1043.95,21875.87
2025-10-27,39067.59,36110.79,81043.35,15929.16,11155.64,62626.81,34902.09,92771.11,8961.43,12486.52,51451.1,21699.74,15813.48,28038.88,99990.06,27792.79,33432.01,10889.0,1059.23,22018.46
2025-10-28,39022.73,35958.05,81182.59,15863.98,11058.86,62413.53,34819.56,92246.84,8912.84,12505.25,51068.45,21679.45,16008.46,28036.82,99481.62,27718.67,33458.21,11021.21,1048.04,22039.07
2025-10-29,39199.8,35693.87,81421.32,15897.48,11150.72,63620.96,34989.18,93077.53,8892.33,12657.69,51395.56,21808.25,16282.37,28198.83,100889.56,27942.7,33503.48,11023.69,1054.61,22137.15
2025-10-30,38934.92,35535.84,80927.41,15801.97,11152.28,63699.13,34720.71,92630.59,8878.43,12587.94,51133.9,21724.87,16209.39,28153.03,100665.62,27777.64,33255.69,10981.81,1055.05,22121.86
2025-10-31,38700.6,35509.72,80572.12,15693.94,11161.92,63494.94,34419.98,92408.68,8970.08,12532.31,50864.33,21610.85,16032.53,28016.13,100295.37,27625.73,33005.98,11153.0,1051.34,21998.15
2025-11-03,38762.65,35552.03,81025.49,15732.45,11146.62,63791.08,34632.16,92343.62,9013.85,12567.59,50795.57,21727.62,16093.93,28237.53,101245.91,27958.57,33123.06,11366.9,1074.74,22151.94
2025-11-04,38513.37,35245.11,80642.88,15654.4,10956.86,63499.19,34492.17,91787.59,8880.95,12513.38,50256.28,21622.2,15861.69,28135.61,100796.1,27823.82,32899.21,11354.57,1066.35,22007.04
2025-11-06,38381.02,35266.9,80262.39,15580.47,10788.12,62740.18,34285.85,91616.79,8701.66,12432.91,50346.11,21466.63,15533.6,27869.84,99547.41,27719.35,32724.4,11283.9,1050.26,21678.33
2025-11-07,38366.88,35469.58,80712.23,15497.06,10858.18,62687.43,34551.53,91327.64,8776.47,12312.56,50032.7,21516.39,15752.51,28002.59,99651.76,27618.74,32869.33,11381.66,1050.07,21627.94
2025-11-10,38497.01,35575.92,80796.96,15460.41,10896.07,62969.52,34635.66,91158.38,8903.64,12355.52,50845.69,21603.13,15839.72,28131.39,100029.63,27884.46,32883.3,11366.06,1047.56,21626.99
2025-11-11,38678.54,35957.95,81076.73,15581.66,10949.91,63229.36,34603.0,91469.12,9122.53,12451.7,51456.38,21695.9,15952.41,28255.85,100167.43,27871.71,33001.09,11321.4,1045.85,21597.51
2025-11-12,38950.78,36404.16,81267.03,15669.43,10983.87,63611.63,34676.66,91479.27,9097.12,12537.14,52508.53,21844.87,15927.36,28472.05,100286.41,28150.54,33096.83,11392.03,1040.67,21757.89
2025-11-13,38955.83,36268.61,81416.66,15628.51,10917.74,63436.26,34751.19,91013.26,9017.29,12590.45,52257.9,21812.01,15996.95,28380.94,100349.19,28266.89,33122.67,11314.74,1045.07,21671.57
2025-11-14,39002.37,36079.21,81605.78,15668.92,11015.09,63564.6,34872.63,91542.3,9140.34,12614.99,51719.04,21826.54,15862.77,28394.78,100256.11,28434.21,33172.86,11446.73,1044.22,21714.05
2025-11-17,39157.99,36387.58,82226.56,15781.67,11045.72,63881.45,35068.41,91733.98,9143.91,12657.05,51824.39,21946.41,15864.42,28587.0,100783.71,28492.16,33436.09,11571.72,1048.91,21862.49
2025-11-18,39003.01,36257.84,82138.12,15723.1,10985.07,63499.18,34942.27,91217.16,9101.08,12617.24,51254.47,21829.59,15694.89,28411.77,100050.19,28300.35,33426.01,11552.79,1028.85,21639.88
2025-11-19,39217.69,36345.54,82579.86,15786.2,10981.97,63338.82,35065.2,91245.75,9099.86,12640.1,52778.13,21915.04,15695.6,28504.32,100039.19,28317.78,33529.38,11687.23,1025.28,21549.14
2025-11-20,39427.65,36503.92,82763.48,15809.18,10999.09,63514.87,35341.31,91321.39,9151.29,12712.08,52776.24,21958.45,15698.46,28494.94,99941.35,28267.83,33634.76,11583.63,1023.9,21528.95
2025-11-21,39241.0,36482.51,82094.11,15810.78,10927.08,62860.39,34966.88,91449.85,8952.3,12671.59,52551.23,21767.45,15330.38,28172.43,98654.42,28135.05,33413.05,11417.8,1004.82,21261.29
2025-11-24,39077.5,36355.78,82048.95,15712.1,10780.87,62115.99,34881.25,90845.97,8727.71,12576.99,52768.6,21676.97,15141.97,28081.17,97689.41,28024.75,33356.36,11400.21,984.17,21124.13
2025-11-25,38965.0,36271.67,82028.02,15690.34,10790.6,61980.14,34768.04,90704.16,8741.63,12577.3,52467.96,21683.36,15225.9,28153.7,97940.83,28147.47,33280.28,11564.74,1000.09,21146.48
2025-11-26,39447.49,36692.6,83014.97,15807.82,10896.49,63057.48,35266.76,91347.57,8849.7,12719.91,53234.03,21960.89,15539.22,28513.18,99424.74,28485.63,33764.55,11653.93,1011.27,21396.16
2025-11-27,39462.93,36569.71,83306.78,15747.7,10852.23,62691.62,35452.84,91393.57,8821.33,12698.58,53350.41,21961.91,15528.7,28514.44,99252.86,28486.48,33878.32,11585.96,1004.01,21320.16
2025-11-28,39443.91,36796.16,83328.29,15775.28,10788.3,62327.18,35381.87,91599.98,8834.76,12661.74,53292.29,21947.08,15557.89,28483.02,99350.07,28655.05,33875.2,11602.72,1002.05,21272.59
2025-12-01,39403.02,37085.5,83228.8,15762.97,10848.07,62311.34,35285.74,91442.96,8847.59,12631.34,53497.76,21928.35,15648.76,28453.67,99469.53,28517.28,33838.98,11631.76,991.82,21320.85
2025-12-02,39186.92,37067.63,82660.39,15759.82,10801.45,62171.31,34969.54,91262.47,8774.33,12575.22,53485.71,21854.59,15592.32,28397.14,99374.51,28538.78,33603.83,11603.4,989.76,21226.62
2025-12-03,39117.33,36622.86,82764.23,15589.41,10669.63,61549.92,35051.21,90534.46,8613.88,12472.34,53890.33,21721.91,15515.75,28145.67,98291.58,28542.36,33796.8,11246.81,982.33,21132.81
2025-12-04,39189.27,36740.69,82681.19,15620.33,10717.87,61341.45,35028.19,90963.2,8664.22,12461.42,54652.53,21738.12,15525.21,28133.74,98521.41,28605.98,33794.27,11251.58,987.61,21082.57
2025-12-05,39419.07,37014.13,83362.44,15653.85,10724.4,61316.41,35371.26,90952.57,8603.6,12513.17,55141.8,21838.19,15629.35,28244.59,98735.58,28591.32,33961.02,11421.99,991.0,20970.69
2025-12-08,39079.02,36560.6,82611.26,15393.74,10499.47,60397.8,35124.23,89861.28,8286.76,12364.33,54980.86,21537.33,15329.26,27763.97,96713.24,28209.45,33677.74,11100.86,956.02,20494.05
2025-12-09,38897.02,36298.91,82588.66,15378.28,10532.73,60781.65,34949.91,89829.46,8357.36,12369.17,54325.32,21545.16,15285.2,27866.99,97290.87,28062.66,33648.75,11244.25,965.13,20702.08
2025-12-10,38774.13,36244.59,82223.34,15273.07,10543.02,60726.32,34765.38,89804.39,8296.01,12336.13,53839.93,21413.37,15355.27,27608.64,97101.1,28110.78,33505.41,11165.52,961.64,20555.05
2025-12-11,38985.75,36645.69,82571.21,15354.83,10547.65,60930.98,34965.3,89991.62,8341.55,12381.52,54277.44,21563.06,15518.24,27844.38,97628.6,28387.31,33739.15,11222.51,968.82,20673.75
2025-12-12,39209.12,36857.45,82822.38,15446.12,10569.08,61435.72,35105.72,89779.36,8347.26,12527.5,54530.71,21756.85,15925.8,28173.64,98447.97,28418.8,33890.45,11239.45,983.66,20846.02
2025-12-15,39179.54,36522.59,82922.57,15437.4,10553.28,61415.21,35017.63,90401.48,8338.13,12524.6,54689.61,21745.33,15951.0,28154.16,98610.02,28307.53,33909.2,11291.14,983.24,20920.53
2025-12-16,38927.87,36488.3,82326.84,15422.1,10455.25,60961.31,34741.57,90393.37,8231.13,12471.51,54228.28,21595.65,15816.79,27937.14,98200.15,28148.17,33493.6,11190.69,970.54,20758.78
2025-12-17,38865.29,36418.11,82176.43,15351.15,10447.19,60904.72,34572.08,89964.85,8139.84,12454.0,54384.4,21515.48,15855.77,27784.6,97826.01,28173.88,33344.68,11335.52,962.43,20609.32
2025-12-18,38860.78,36196.43,82157.04,15308.97,10384.33,60426.62,34591.31,89871.02,8133.51,12411.57,55041.64,21530.99,15895.1,27843.75,97471.62,28105.91,33338.13,11345.25,965.69,20585.79
2025-12-19,39087.88,36640.73,82375.1,15419.97,10524.64,61008.9,34732.75,90258.04,8299.38,12534.87,55124.63,21722.38,15902.6,28166.03,98259.65,28347.21,33430.54,11388.69,981.83,20860.45
2025-12-22,39397.94,36942.83,82702.56,15536.03,10614.22,61410.51,34861.24,90721.54,8553.67,12631.56,56259.26,21896.19,16126.1,28398.52,98926.59,28567.34,33546.63,11414.79,982.12,21061.3
2025-12-23,39405.1,36951.75,82696.36,15535.79,10721.87,61741.54,34994.06,91192.78,8563.93,12611.59,55811.43,21916.43,16213.88,28429.77,99290.94,28501.55,33536.55,11375.43,980.46,21149.42
2025-12-24,39352.35,36943.27,82534.65,15522.46,10720.06,61532.59,34969.85,90805.77,8591.49,12574.56,55528.08,21848.4,16237.61,28294.73,99091.1,28354.89,33488.58,11323.51,982.13,21161.84
2025-12-26,39202.11,36750.14,82294.42,15470.92,10713.19,61468.95,34798.91,90835.9,8575.02,12544.37,54954.66,21785.76,16333.42,28222.74,99096.58,28264.21,33421.58,11293.48,979.9,21122.77
2025-12-29,39051.24,36554.94,82184.24,15410.05,10649.09,61135.71,34713.61,90935.37,8524.1,12484.18,54542.02,21698.31,16307.63,28108.56,98633.44,28131.71,33360.92,11298.9,973.26,21010.36
2025-12-30,39046.4,36948.58,82517.38,15408.47,10641.73,61039.58,34738.12,90672.94,8431.59,12467.26,54137.29,21678.72,16638.02,28058.88,98675.13,28084.08,33456.03,11489.81,965.07,20967.51
2025-12-31,39333.55,37345.99,83090.03,15544.17,10794.01,61936.78,35030.54,91402.04,8545.29,12612.44,53974.1,21868.98,16879.81,28332.35,99676.33,28312.83,33794.93,11628.27,974.1,21212.7
2026-01-01,39359.02,37731.4,83270.91,15477.7,10843.39,62255.94,35098.4,88506.88,8522.9,12694.9,54383.59,21928.15,17013.34,28449.64,100123.09,28199.59,33873.54,11680.52,982.28,21191.27
2026-01-02,39632.99,38159.48,83883.64,15502.48,11176.15,63602.48,35393.13,87452.96,8588.7,12808.4,54595.63,22113.98,17264.06,28716.65,101188.62,28396.59,34008.79,11855.51,997.25,21353.78
2026-01-05,39515.23,38279.36,83734.8,15536.26,11196.94,63206.93,35332.63,88049.87,8764.29,12757.14,53813.23,22074.9,17368.26,28686.63,101183.63,28337.45,33989.24,11909.89,1017.89,21414.31
2026-01-06,39407.42,38316.72,83838.23,15525.46,11191.57,62854.69,35451.46,88249.01,8738.15,12606.22,54107.08,22032.63,17418.49,28629.58,101454.73,28815.22,33981.58,11979.61,1014.5,21348.39
2026-01-07,39350.28,38012.08,83660.38,15494.14,11144.63,62704.51,35335.07,88136.73,8795.17,12542.78,55120.61,22068.66,17418.42,28751.51,101581.94,29013.83,33982.82,11947.89,1009.48,21379.54
2026-01-08,38953.08,37644.49,83235.94,15376.14,10971.1,60891.83,35105.74,87339.85,8737.18,12306.9,54025.72,21728.8,16825.94,28209.8,99434.35,28610.5,33858.18,11699.41,992.22,20963.88
2026-01-09,38661.67,37210.88,82629.36,15213.23,10911.36,60330.16,34737.19,86397.39,8704.39,12201.85,54178.02,21547.37,16769.73,27962.24,98422.88,28359.39,33535.48,11720.83,969.76,20608.4
2026-01-12,38822.72,37110.35,82906.82,15280.48,10990.53,60442.84,34910.27,86903.81,8722.59,12240.54,54122.55,21571.97,17103.69,27915.12,98720.11,28244.05,33604.48,11797.37,957.84,20471.0
2026-01-13,38735.47,36982.29,83085.73,15231.88,11018.16,60343.18,34995.89,86626.4,8627.23,12101.2,54476.33,21532.32,17163.31,27876.76,98465.67,28111.81,33615.89,11889.77,951.95,20603.04
2026-01-14,38635.05,36726.3,83087.67,15164.83,11158.84,60703.52,34888.59,86101.64,8638.72,12142.9,53886.69,21538.69,17626.13,27936.2,98846.36,28040.89,33607.47,12142.74,943.14,20702.67
2026-01-16,38701.71,36559.92,83805.81,15059.99,11060.23,60219.8,34916.18,85910.25,8592.81,12135.13,55938.07,21560.76,17533.39,27948.48,98948.34,27681.65,33757.75,12283.92,946.44,20605.64
2026-01-19,38537.78,36607.88,83521.6,15082.98,11003.66,59817.33,34910.83,86482.78,8570.92,12025.4,55674.54,21470.96,17522.84,27825.57,98712.69,27580.92,33745.82,12246.34,927.58,20372.66
2026-01-20,38006.05,35701.19,82842.24,14756.02,10818.76,58493.55,34506.99,85202.62,8333.05,11808.36,54527.53,21040.53,17192.42,27136.28,96437.95,27055.21,33423.08,12092.1,880.88,19827.41
2026-01-21,37893.11,35599.4,82000.11,14750.58,10799.18,58511.15,34206.2,84691.04,8229.43,11824.38,54371.91,20901.78,17289.89,26861.32,96083.78,26893.35,33137.73,11970.14,874.67,19680.99
2026-01-22,38092.55,35915.98,82557.63,14788.68,10992.21,59172.1,34442.68,85639.88,8449.05,11908.53,54814.8,21093.34,17493.54,27188.94,97130.45,27321.5,33307.24,12250.19,868.22,19859.02
2026-01-23,37729.14,35511.05,81543.82,14587.56,10849.32,58034.7,34025.87,85118.68,8296.75,11707.08,54724.25,20794.32,17348.58,26721.69,95220.34,27065.14,32948.68,11972.95,839.28,19472.58
2026-01-27,37920.03,35179.11,82565.13,14477.08,10981.24,58376.24,34326.09,84618.3,8423.77,11782.81,55205.35,20905.23,17880.46,26864.64,95854.5,27147.61,33278.05,12183.93,842.7,19511.91
2026-01-28,38172.11,35422.32,83113.62,14493.69,11539.27,60817.58,34677.73,84017.97,9009.11,11913.95,55433.35,21170.57,18298.8,27299.71,98023.37,27087.05,33465.07,12388.48,855.87,19885.77
2026-01-29,38286.86,35180.94,83614.38,14404.14,11679.3,61956.85,34898.99,83257.36,8899.81,12014.8,55012.37,21213.71,18861.19,27328.77,98316.65,26867.97,33810.49,12290.86,861.67,19875.29
2026-01-30,38138.83,35441.39,83129.88,14508.56,11556.01,61617.39,34672.21,84412.54,9026.82,12005.33,54453.64,21169.33,17877.9,27340.18,97511.63,27056.21,33597.23,12297.88,868.88,20045.46
2026-02-01,37392.92,34699.82,81465.85,14258.96,11099.53,59720.58,33870.74,82480.21,8567.7,11703.87,54763.98,20737.27,17153.99,26768.87,95385.35,26832.17,33187.51,11613.22,849.6,19610.07
2026-02-02,37789.0,35439.75,81747.27,14418.54,11350.14,60697.21,33997.48,83436.81,8660.39,11968.63,54508.02,20949.75,17475.84,27033.18,96409.72,26849.93,33188.34,11714.82,863.34,19719.72
2026-02-03,38751.71,36434.98,83730.74,14703.13,11559.18,62528.41,35107.57,83739.22,8863.71,12331.75,55277.7,21524.14,17977.15,27822.75,98962.76,27660.66,34019.28,12025.53,904.7,20298.91
2026-02-04,38824.69,36865.7,84005.26,14911.05,11780.07,63778.31,35270.62,83930.52,8795.24,12525.03,52033.45,21617.99,18205.48,27991.96,99608.4,27567.93,34039.23,12118.15,914.87,20456.03
2026-02-05,38627.94,36652.5,83761.88,14822.49,11734.25,63532.79,35127.6,83615.6,8610.36,12463.31,51743.8,21529.73,18019.44,27903.6,99139.09,27600.35,33842.44,12164.77,909.6,20246.49
2026-02-06,38710.58,36460.46,83841.27,14929.34,11740.02,63955.72,35283.03,85553.05,8553.39,12518.41,50981.82,21550.99,18061.14,27901.9,99290.36,27402.51,34057.31,12102.75,915.33,20177.52
2026-02-09,38976.99,36820.7,84606.57,15022.4,11749.42,64217.98,35723.27,85824.35,8769.79,12619.64,50989.79,21800.25,18342.89,28342.24,100255.01,27813.45,34134.87,12507.22,939.18,20692.02
2026-02-10,39079.22,37327.11,84546.72,15113.95,11842.9,64391.62,35764.12,85971.01,8819.24,12649.37,51140.94,21871.38,18492.42,28458.19,100399.15,27713.37,34197.82,12483.87,942.57,20796.39
2026-02-11,39107.4,37854.23,84712.56,15204.61,11839.63,64367.46,35879.17,86006.65,8833.8,12709.53,50243.2,21895.37,18565.36,28477.65,100955.46,27996.04,34142.09,12612.7,948.52,20823.64
2026-02-12,38886.41,37808.31,84704.78,15159.2,11854.21,64008.23,36016.56,85567.41,8897.83,12684.88,47473.11,21781.2,18569.34,28335.09,100523.53,27936.28,34107.79,12584.39,934.71,20671.56
2026-02-13,38379.95,37450.47,83933.44,14912.53,11593.85,62708.44,35688.08,83945.29,8819.69,12526.25,46787.78,21454.58,17955.51,27866.6,98959.72,27697.39,33760.4,12498.53,913.93,20340.44
2026-02-16,38699.22,37177.1,84996.73,14963.43,11843.65,63904.63,35916.37,84632.53,8844.44,12673.06,46868.75,21592.67,18079.78,27987.37,99923.05,27957.27,34160.47,12686.58,928.49,20331.37
2026-02-17,38763.5,37371.22,85310.38,15009.76,11894.1,63907.57,35892.45,85390.19,8962.82,12688.59,47351.16,21647.9,17888.35,28066.98,100457.94,28071.77,34160.25,12954.34,925.61,20483.05
2026-02-18,38909.22,37575.87,85835.83,15079.73,11892.56,64254.61,36115.59,86426.21,9040.45,12777.5,46768.86,21755.54,18126.33,28225.12,101169.1,28140.85,34344.17,13124.61,931.35,20586.86
2026-02-19,38359.13,36788.43,84704.47,14779.08,11805.9,63499.56,35615.99,84904.26,8883.89,12548.52,46269.37,21423.63,17909.54,27783.68,99291.15,27999.97,33841.17,12961.36,907.57,20341.55
2026-02-20,38535.31,36938.08,85307.53,14823.6,11990.35,64369.5,35801.19,85380.98,8953.68,12644.61,45817.93,21528.83,18132.68,27920.42,99931.46,28037.69,34015.47,13179.33,910.71,20306.87
2026-02-23,38748.94,37243.42,85436.24,14893.04,12015.97,64651.8,36111.39,85980.67,8919.3,12752.35,45168.59,21567.81,18091.54,27874.76,100319.14,28195.23,34132.49,13358.04,908.97,20394.88
2026-02-24,38314.37,37074.99,85133.69,14764.6,12078.29,65155.98,35908.44,86143.79,8865.33,12660.78,43025.43,21437.66,18259.56,27795.88,100398.81,28262.01,33973.06,13396.49,885.89,20274.13
2026-02-25,38401.58,37760.09,85128.18,14814.74,12167.93,65315.23,35965.02,85929.47,8947.68,12622.56,43702.4,21542.17,18751.88,27972.73,101292.01,28786.28,34100.63,13344.84,884.22,20404.86
2026-02-26,38422.72,38061.05,85329.45,14823.34,12170.82,65426.48,35927.19,85793.81,9079.95,12662.98,43742.26,21616.0,18825.4,28135.97,101621.86,29098.17,34122.77,13471.17,886.26,20419.85
2026-02-27,37943.67,37352.02,84410.84,14603.88,12100.26,65186.09,35368.66,84341.24,8983.9,12513.88,43813.37,21363.06,18511.76,27830.49,100301.58,28661.98,33673.01,13390.21,866.19,20208.09
2026-03-02,37472.06,36531.21,83449.56,14370.62,12080.03,64144.72,34980.74,83697.09,9027.81,12234.87,43339.58,21043.55,18555.89,27357.74,98775.53,28667.44,33367.58,13143.29,852.29,19825.52
2026-03-04,36891.56,35638.59,81937.29,14163.3,11907.18,62624.75,34290.85,82123.61,8941.07,11969.29,43385.9,20629.14,17814.77,26757.34,96112.44,28312.17,32862.97,12717.73,825.75,19405.87
2026-03-05,37321.66,36301.35,82356.45,14316.45,12182.32,63828.76,34564.12,82458.83,9168.69,12234.34,43130.37,20910.85,18222.27,27166.37,97440.21,28728.4,33009.98,12779.58,840.93,19679.65
2026-03-06,36848.97,35916.18,80581.78,14170.14,12244.31,63909.26,33825.11,82409.04,9431.28,12125.84,43146.97,20723.66,18148.54,26982.66,97086.92,28684.27,32262.24,12522.87,823.4,19624.68
2026-03-09,36212.4,34443.16,78122.56,13889.28,12028.1,62744.65,33046.93,81125.66,9228.52,11940.42,43180.83,20326.8,17677.23,26431.91,95063.9,28638.76,31366.31,12025.12,813.19,19168.18
2026-03-10,36564.4,35510.48,79420.9,14094.54,12113.94,63415.44,33676.31,81803.7,9298.56,11998.3,42983.25,20600.87,17948.98,26852.63,96729.05,29038.26,31927.74,12290.35,825.75,19578.45
2026-03-11,35969.45,34390.15,77726.4,13833.61,12116.71,63590.63,32897.35,80906.88,9136.54,11866.14,42450.21,20325.73,17878.84,26546.96,95679.74,29156.13,31158.06,12064.83,811.64,19502.98
2026-03-12,35626.27,33291.84,76841.15,13613.99,12321.97,64827.61,32570.41,79471.18,9105.45,11811.15,42346.78,20220.77,17941.99,26485.24,95605.37,29065.19,30659.72,12061.6,798.39,19426.62
2026-03-13,34890.78,32094.18,74968.11,13386.02,12103.55,63485.61,31904.68,79034.14,8770.31,11513.12,41619.27,19730.84,17077.85,25774.53,93119.05,28511.95,30016.48,11612.31,787.65,18906.31
2026-03-16,35279.17,32630.11,75882.34,13537.18,11944.85,62799.61,32382.64,79932.43,8702.07,11522.65,41578.12,19778.58,17116.43,25679.57,92789.15,28156.06,30387.33,11683.05,775.3,18839.08
2026-03-17,35538.92,33317.22,76527.47,13689.14,12073.33,63325.42,32648.4,79331.49,8863.97,11638.89,41174.95,19955.94,17599.39,25945.16,93594.25,28218.96,30670.94,11721.96,789.24,18947.03
2026-03-18,35835.24,33956.25,77155.1,13849.9,12057.78,63609.02,32905.7,79289.49,8953.99,11773.55,42317.96,20228.42,17581.42,26429.07,94525.41,28262.71,30941.26,11810.56,810.95,19283.01
2026-03-19,34666.28,32511.74,74540.21,13407.18,11946.27,62724.44,31667.55,77282.46,8621.81,11445.0,40915.34,19588.94,17012.61,25616.5,91510.27,27599.69,29886.67,11467.48,780.06,18773.62
2026-03-20,34835.63,32785.01,74506.85,13508.4,12008.39,63197.77,31455.18,77522.56,8559.12,11554.78,41802.98,19694.09,17259.75,25766.8,91942.79,28147.92,29731.34,11705.15,772.76,18822.88
2026-03-23,33928.59,31748.84,71732.61,13086.06,11777.15,61316.65,30416.92,75592.23,8177.78,11257.74,41727.77,19036.28,16428.99,24771.69,88439.67,27539.04,28753.81,11223.86,736.18,18111.42
2026-03-24,34530.99,32518.85,73361.32,13333.37,11822.58,61744.33,31080.93,76534.25,8354.89,11468.18,42446.22,19439.72,16724.98,25390.47,89801.67,27772.2,29470.83,11395.54,747.89,18545.86
2026-03-25,35124.87,33239.57,74898.77,13627.06,11835.38,62578.54,31809.8,77977.36,8426.44,11669.58,42478.29,19839.63,17153.01,25984.42,91615.97,28321.56,30003.26,11700.25,768.02,19007.7
2026-03-27,34391.13,32306.86,72899.67,13365.85,11841.65,61977.28,30942.52,76565.46,8212.57,11450.6,42292.66,19411.25,16919.54,25418.01,89431.6,28179.04,29400.76,11248.12,743.63,18650.26
2026-03-30,33655.43,31542.66,70111.62,13082.68,11793.29,61334.68,29861.67,75100.09,7982.39,11241.27,41606.83,18939.96,16884.26,24753.21,87002.31,27762.77,28410.18,10735.49,722.55,18183.31
2026-04-01,34179.9,32165.33,71747.85,13349.36,11901.05,62308.24,30445.63,76085.17,8406.85,11383.28,42475.04,19318.01,17299.1,25311.44,89255.53,27487.2,28910.22,11132.72,737.96,18769.58
2026-04-02,34230.63,31967.34,71887.45,13326.88,11859.27,62126.12,30521.51,76243.76,8409.9,11332.02,43580.81,19300.33,17366.63,25231.26,89320.16,27233.49,29023.1,11091.29,745.79,18739.42
2026-04-06,34615.19,32313.38,73366.15,13489.74,11975.56,62283.44,31234.39,76850.55,8541.86,11382.74,43860.17,19553.25,17558.97,25594.45,90619.62,27267.15,29649.12,11349.7,762.48,18939.74
2026-04-07,34849.41,32343.79,73515.56,13551.13,12048.72,62616.92,31339.07,77477.3,8630.08,11433.7,44957.91,19625.54,17830.53,25620.29,91040.69,27308.79,29794.28,11269.05,775.2,18964.06
2026-04-08,36166.14,34506.38,77682.02,14043.28,12047.82,64184.98,33075.13,78676.91,8908.75,11906.12,45190.48,20402.46,18310.02,26637.64,95360.13,27461.77,31449.43,11884.45,827.52,19705.42
2026-04-09,35831.22,34372.24,76451.71,13986.63,12194.87,64711.33,32609.0,78572.15,9047.55,11816.57,45291.31,20355.24,18538.52,26709.04,95537.92,27641.81,30898.71,11733.86,825.3,19731.19
2026-04-10,36246.4,35352.92,77973.27,14203.3,12174.61,65426.5,33279.35,79484.79,9183.41,11971.04,44424.26,20652.26,18730.59,27135.53,97516.81,27678.6,31510.79,11969.16,842.53,20048.48
2026-04-13,35932.96,34614.64,77544.18,14027.21,12206.49,65462.46,33068.08,78456.23,9221.88,11875.57,43907.77,20505.49,18689.56,26979.25,96770.07,27597.77,31419.59,11881.41,840.25,19965.6
2026-04-15,36518.69,35143.54,78516.01,14266.58,12394.51,66867.69,33572.73,79643.68,9456.4,12114.68,45153.23,20908.6,19021.08,27573.97,98854.83,28016.74,31804.59,12015.71,861.7,20428.19
2026-04-16,36466.62,35010.34,78215.45,14283.3,12407.43,67204.34,33443.97,79788.01,9611.08,12124.46,45550.85,20982.66,19312.41,27747.32,99909.02,28053.39,31625.47,11995.53,865.07,20616.37
2026-04-17,36702.93,35079.67,78883.86,14449.77,12575.44,68431.01,33672.65,81898.8,9753.23,12226.78,45539.9,21193.33,19524.31,28084.54,101325.15,28093.68,31872.59,12084.56,873.21,20921.76
2026-04-20,36719.99,35195.51,78907.05,14488.82,12587.54,68964.18,33692.82,81730.53,9693.33,12237.61,45219.06,21189.34,19447.96,28058.97,101422.06,28043.1,31764.29,12190.32,867.8,20845.73
2026-04-21,37039.12,35332.09,80007.52,14671.49,12533.28,69232.56,34091.01,83815.78,9765.96,12280.1,45424.25,21333.48,19456.13,28207.35,102119.12,28020.24,32241.6,12287.12,886.36,21015.9
2026-04-22,36739.93,35099.91,79663.07,14631.35,12600.68,70217.3,33804.73,84440.75,9897.6,12290.65,43659.31,21302.11,19542.81,28270.31,102871.39,28041.5,32005.68,12301.78,891.47,21232.57
2026-04-23,36430.96,34274.3,78520.27,14463.45,12617.94,70393.37,33324.73,84344.22,9942.18,12235.61,43126.8,21160.6,19382.17,28154.63,101522.01,28704.47,31587.99,12031.91,875.16,21116.75
2026-04-24,36024.64,34041.76,78220.11,14352.37,12579.53,70229.74,33190.84,83731.82,9786.42,12135.49,40935.43,20943.03,19322.2,27870.47,100763.02,28197.12,31437.09,12014.09,863.33,20890.47
2026-04-27,36318.25,34572.99,78463.49,14489.6,12642.62,71273.25,33219.94,84194.03,9851.27,12312.69,41837.26,21193.85,19677.19,28282.5,102081.92,28936.09,31448.74,12072.01,884.6,21270.86
2026-04-28,36172.04,34224.25,77258.69,14437.03,12799.09,72142.7,32931.53,83923.97,9862.27,12367.38,41551.4,21164.48,19776.64,28310.91,101749.64,28918.98,31062.83,11812.08,880.94,21281.45
2026-04-29,36446.26,34616.21,77263.2,14583.89,12830.85,72091.17,32901.59,85390.31,9971.83,12466.88,41960.78,21222.89,19875.01,28300.16,101682.71,29047.22,31198.54,11763.88,893.95,21386.53
2026-04-30,36174.8,34393.08,76509.82,14454.19,12742.46,71765.33,32575.84,84241.7,9928.86,12368.38,42116.67,21032.97,19463.18,28029.72,100445.47,29055.77,30924.57,11566.07,880.56,21293.37
2026-05-04,36358.33,34539.19,76530.94,14488.36,12705.94,72114.08,32775.2,84561.52,9934.32,12436.14,41718.15,21168.8,19674.98,28227.73,101368.42,29315.38,30884.02,11531.07,901.82,21503.56
2026-05-05,36227.97,34757.33,76068.75,14505.47,12649.42,72149.24,32651.43,85101.83,10061.34,12399.47,41762.88,21160.19,19700.61,28260.16,101863.8,29432.0,30675.99,11508.56,889.1,21544.58
2026-05-06,36677.36,35594.6,78068.52,14697.54,12549.62,71826.47,33509.54,84882.42,10116.05,12450.95,41993.4,21477.08,19912.87,28739.56,103398.59,30107.99,31417.63,11835.71,912.5,21933.61
2026-05-07,36670.88,36280.57,78161.04,14708.94,12588.58,72416.68,33581.55,84235.7,10423.38,12491.27,41671.32,21601.11,19967.27,29056.13,103631.39,30139.45,31513.03,11777.63,918.23,22156.53
2026-05-08,36444.03,36174.25,77133.47,14734.13,12529.35,71807.4,33025.49,84396.42,10390.94,12471.42,42174.55,21523.41,19797.46,29016.36,103116.12,30109.62,31254.0,11418.62,913.94,22193.53
2026-05-11,35900.87,35502.21,75919.29,14475.48,12421.67,70482.86,32573.42,84462.0,10269.66,12232.24,42081.63,21244.69,19608.56,28703.15,101388.6,30184.72,31013.44,11130.97,886.09,21959.6
2026-05-12,35243.17,34691.68,74685.52,14176.27,12363.65,69601.1,31915.35,83238.0,9855.31,12019.22,40511.19,20767.95,19540.25,27978.17,98928.67,29773.18,30465.49,11008.62,849.68,21300.72
2026-05-13,35293.05,34355.07,74547.37,14212.32,12436.81,70089.3,31889.35,83487.07,10062.66,12130.38,40054.56,20863.0,20161.34,28155.13,99765.03,29842.05,30421.99,10998.85,848.09,21362.08
2026-05-14,35710.57,34568.39,75485.66,14416.29,12509.53,70547.72,32341.15,83774.63,10145.78,12301.83,39256.37,21108.29,20573.09,28487.39,100881.31,30660.02,30776.14,11149.18,854.69,21368.43
2026-05-15,35664.76,34596.28,75025.34,14410.95,12497.79,70084.27,32230.14,84223.65,9958.64,12248.23,39767.97,21031.35,20176.17,28360.97,99929.26,30764.6,30710.82,11011.73,839.34,21288.41
2026-05-18,35674.46,34003.9,74783.18,14338.08,12356.56,69560.9,32237.64,83974.13,9907.55,12220.8,40733.41,20989.12,19977.99,28291.64,98974.03,30924.55,30781.24,10800.23,834.52,20971.13
2026-05-19,35626.29,34102.71,74604.56,14330.2,12343.6,69648.22,32153.24,83946.53,9870.69,12181.0,42050.85,21071.6,19968.56,28509.83,99513.98,31055.09,30552.44,10887.15,846.47,21214.2
2026-05-20,35688.12,34388.75,74818.37,14322.03,12340.08,70679.38,32167.5,83348.01,9948.41,12284.46,41874.59,21136.3,20003.11,28615.11,100046.51,31024.83,30627.75,10934.51,851.28,21232.58
2026-05-21,35681.64,34484.19,74646.83,14322.07,12342.22,70895.67,32094.5,82923.95,10090.51,12318.44,41639.2,21149.61,20044.07,28643.62,100254.24,31084.43,30581.38,10958.42,860.21,21383.13
2026-05-22,35793.78,34525.1,75507.24,14320.24,12220.11,70824.9,32468.73,82901.26,10068.64,12304.65,41483.35,21196.81,20132.22,28679.12,100654.43,30688.64,31035.74,10982.88,859.44,21357.09
2026-05-25,36277.77,35116.9,77236.93,14454.66,12230.4,71425.48,33194.43,82801.26,10201.29,12437.0,41717.81,21430.53,20244.5,28921.46,102164.17,30814.43,31683.96,11301.03,872.35,21613.08
2026-05-26,36099.61,35140.05,76956.51,14435.7,12217.5,71840.46,32978.42,82916.13,10228.61,12381.95,41715.89,21441.96,20467.33,29050.33,102350.67,30795.09,31488.25,11249.08,867.88,21655.48
2026-05-27,36089.71,35649.22,76622.61,14529.98,12273.37,73109.82,32749.42,82775.06,10239.02,12488.05,41612.55,21511.01,20809.78,29164.97,103810.77,30865.99,31344.73,11283.67,870.72,21775.07
2026-05-29,35552.64,35001.96,75764.06,14268.1,11977.8,71952.12,32244.68,81522.87,10077.16,12296.17,41862.21,21209.8,20389.11,28766.84,102539.93,30409.5,30977.13,11188.65,868.49,21635.09
